{"alphas": [0.1, 0.6444444444444445, 1.188888888888889, 1.7333333333333336, 2.277777777777778, 2.8222222222222224, 3.366666666666667, 3.911111111111112, 4.455555555555556, 5.0], "epsilons": [0.0, 0.02], "lambdas": [0.001], "tau": 2, "d": 300, "state_evolution_repetitions": 3, "erm_repetitions": 5, "erm_method": "gd"}