{
    "alphas": [
        0.6444444444444445,
        2.277777777777778,
        5.0
    ],
    "epsilons": [
        0.0,
        0.02
    ],
    "lambdas": [
        0.001
    ],
    "tau": 2,
    "d": 300,
    "state_evolution_repetitions": 1,
    "erm_repetitions": 1,
    "erm_method": "gd"
}